word,count
the,1261
to,816
and,665
"",579
of,539
his,524
he,493
was,395
in,381
had,346
a,340
that,321
it,258
as,241
with,240
not,192
would,181
for,176
at,174
she,172
Gregor,168
her,165
on,151
but,137
they,136
be,133
him,129
from,129
all,129
could,118
have,111
or,110
this,109
out,99
Gregor's,99
been,99
if,91
you,90
room,87
-,84
even,79
He,79
Project,79
there,78
into,78
any,78
by,77
so,77
sister,77
up,76
back,74
father,72
their,68
door,68
did,67
about,65
himself,64
were,64
no,63
The,63
when,62
more,61
mother,61
only,60
than,56
do,55
what,54
way,54
I,54
work,53
Gutenberg-tm,53
one,50
other,49
is,49
now,48
them,48
without,46
time,46
just,45
then,45
get,43
little,43
said,41
made,40
still,39
some,39
It,38
see,38
chief,37
much,37
which,37
go,36
where,36
first,35
after,34
like,34
very,34
an,34
head,33
while,33
down,32
But,31
who,31
over,31
how,30
quite,30
it.,29
came,29
open,29
against,28
him.,28
"it,",28
before,28
And,28
If,27
must,27
looked,27
soon,27
electronic,27
clerk,27
went,27
we,27
everything,26
His,26
are,26
let,26
wanted,26
two,25
left,25
make,25
three,25
come,25
being,25
She,24
your,24
something,24
used,23
seemed,23
under,23
family,23
able,23
thought,23
really,23
works,23
away,23
can,22
again,22
its,22
Gutenberg,22
things,22
room.,22
Samsa,22
They,22
got,21
set,21
parents,21
too,21
Mr.,21
gentlemen,21
"him,",21
because,20
body,20
terms,20
already,20
"room,",20
round,20
my,20
onto,20
never,20
almost,20
become,19
lay,19
look,19
This,19
think,19
always,18
turned,18
"though,",18
off,18
took,18
feel,18
around,18
through,18
straight,18
day,17
next,17
each,17
eyes,17
front,17
full,17
"father,",17
whole,17
slowly,17
began,17
bed,17
heard,17
good,17
might,17
also,17
living,17
often,16
"sister,",16
copyright,16
same,16
should,16
enough,16
"course,",16
use,16
long,16
better,16
found,16
right,16
although,16
side,16
asked,16
Grete,16
hand,15
say,15
these,15
may,15
longer,15
felt,15
nothing,15
"mother,",15
You,15
became,15
window,15
flat,15
taken,15
know,15
behind,15
I'm,14
put,14
new,14
table,14
hear,14
immediately,14
Foundation,14
sat,14
stood,14
probably,14
morning,14
women,14
anything,14
hands,14
pressed,14
once,14
help,14
opened,14
give,14
held,14
Archive,13
Literary,13
"Gregor,",13
food,13
me,13
certainly,13
move,13
"now,",13
herself,13
legs,13
evening,13
"then,",13
well,13
hardly,13
"all,",13
most,13
especially,13
"and,",13
called,13
few,12
chest,12
don't,12
tried,12
forth,12
pushed,12
money,12
take,12
towards,12
close,12
perhaps,12
doing,12
arms,12
every,12
her.,12
understand,12
"door,",12
keep,12
anyone,11
"himself,",11
face,11
saw,11
it's,11
So,11
remained,11
"there,",11
old,11
free,11
possible,11
want,11
furniture,11
clear,11
donations,11
voice,11
here,11
chair,11
until,11
state,11
home,11
business,11
ran,11
leave,10
no-one,10
will,10
access,10
own,10
In,10
OF,10
happened,10
Mrs.,10
great,10
times,10
thing,10
clearly,10
quickly,10
United,10
moving,10
At,10
looking,10
"work,",10
attention,10
effort,10
moved,10
part,10
middle,10
didn't,10
least,10
For,10
sleep,10
paragraph,10
last,10
ever,10
taking,9
whether,9
copy,9
seen,9
covered,9
using,9
stay,9
charwoman,9
told,9
As,9
both,9
reason,9
playing,9
notice,9
such,9
despite,9
turn,9
provide,9
far,9
carefully,9
nearly,9
public,9
forward,9
done,9
There,9
several,9
key,9
noticed,9
though,9
violin,9
suddenly,9
Then,9
since,9
uniform,9
making,9
shut,8
us,8
"well,",8
"that,",8
doors,8
can't,8
fee,8
kept,8
later,8
permission,8
pain,8
having,8
night,8
That,8
couch,8
knew,8
our,8
"day,",8
cleaner,8
peace,8
finally,8
"was,",8
spread,8
couldn't,8
fell,8
hours,8
hard,8
fall,8
hurried,8
finished,8
loud,8
including,8
carry,8
License,8
work.,8
himself.,8
him;,8
agreement,8
stopped,8
slightly,7
"first,",7
received,7
One,7
leant,7
floor.,7
it;,7
present,7
Section,7
lock,7
totally,7
boss,7
eat,7
bring,7
difficult,7
words,7
needed,7
kind,7
speak,7
actually,7
outside,7
given,7
"away,",7
light,7
domain,7
"floor,",7
reached,7
copies,7
white,7
life,7
"Samsa,",7
laws,7
between,7
people,7
different,7
drawers,7
associated,7
going,7
music,7
Now,7
across,7
"more,",7
"way,",7
order,7
word,7
simply,7
paid,7
"again,",7
"to,",7
need,7
crawl,7
floor,7
lower,7
sign,7
knowing,7
easy,7
closed,7
agree,7
"in,",7
"this,",7
why,7
half,7
tired,7
hurriedly,7
"them,",7
When,7
hold,7
individual,7
themselves,7
time.,6
***,6
serious,6
sure,6
particular,6
sleeping,6
rushed,6
OR,6
forget,6
realised,6
lost,6
bent,6
flew,6
stand,6
meant,6
distributing,6
please,6
"\"What",6
turning,6
YOU,6
"clerk,",6
tell,6
comply,6
days,6
instead,6
earn,6
unable,6
whenever,6
sight,6
"hand,",6
job,6
leaving,6
fresh,6
aware,6
"then?\",",6
crawling,6
maid,6
train,6
completely,6
following,6
everyone,6
"her,",6
charge,6
year,6
Gregor.,6
quarter,6
mother's,6
find,6
"agreement,",6
together,6
refund,6
"time,",6
father's,6
"about,",6
writing,6
sort,6
them.,6
tears,6
getting,6
sound,6
tax,6
lifted,6
try,6
fully,6
chance,6
bed.,6
slightest,6
early,6
near,6
another,6
has,6
lying,6
caused,6
pay,6
many,6
quiet,6
expected,6
air,6
gave,6
distribution,6
conversation,5
filled,5
raised,5
earlier,5
holding,5
within,5
office,5
loudly,5
show,5
struck,5
Information,5
"on,",5
collection,5
sit,5
mouth,5
else,5
along,5
"too,",5
again.,5
distribute,5
sheet,5
landing,5
dish,5
volunteers,5
threw,5
appeared,5
kitchen,5
"Then,",5
glad,5
throw,5
noise,5
past,5
during,5
"but,",5
"thought,",5
employees,5
desk,5
ground,5
carried,5
All,5
"bed,",5
remove,5
"still,",5
foot,5
"morning,",5
upright,5
I'll,5
forgotten,5
sometimes,5
rest,5
receive,5
sister's,5
works.,5
painfully,5
followed,5
door.,5
send,5
urge,5
impossible,5
"unfortunately,",5
dressed,5
cannot,5
picture,5
With,5
force,5
gone,5
travelling,5
position,5
wouldn't,5
beside,5
small,5
forced,5
immediate,5
eBook,5
"so,",5
someone,5
allowed,5
shocked,5
unless,5
"said,",5
strength,5
spare,5
cut,5
that's,5
habit,5
running,5
short,5
easily,5
"\"Project",5
nice,5
"works,",5
five,5
David,5
overcome,5
wasn't,5
"however,",5
posted,5
couch.,5
consideration,5
"family,",5
stayed,5
shouted,5
condition,5
THIS,5
doctor,5
slammed,5
eating,5
We,5
start,5
stop,5
seriously,5
pulled,5
street,5
online,4
those,4
harder,4
slow,4
happen,4
highly,4
hit,4
lack,4
speaking,4
I'd,4
entirely,4
trying,4
"hall,",4
becoming,4
reading,4
before.,4
intentions,4
rid,4
possible.,4
On,4
efforts,4
sensible,4
format,4
above,4
hung,4
States.,4
fallen,4
exactly,4
stick,4
man,4
apple,4
remain,4
drew,4
rather,4
he's,4
spent,4
four,4
"long,",4
rush,4
bit,4
States,4
careful,4
person,4
human,4
backwards,4
merely,4
bear,4
gentleman,4
alarm,4
future,4
"Foundation,",4
thought.,4
ought,4
other.,4
phrase,4
years,4
keeping,4
touched,4
clock,4
located,4
contact,4
indeed,4
now;,4
stepped,4
I've,4
legs.,4
After,4
flat.,4
"out,",4
fetch,4
"open,",4
others,4
Kafka,4
somebody,4
"\"I",4
entrance,4
obviously,4
PROJECT,4
catch,4
steps,4
site,4
live,4
view,4
freely,4
moment.,4
wish,4
Her,4
"you,",4
Do,4
necessary,4
status,4
"Gutenberg\"",4
"copy,",4
break,4
rented,4
drive,4
states,4
"up,",4
stretched,4
skirts,4
**,4
concern,4
anywhere,4
entire,4
To,4
strong,4
crawled,4
feet,4
ill,4
sent,4
on.,4
save,4
"which,",4
providing,4
enormous,4
No-one,4
further,4
you're,4
arrived,4
decided,4
all.,4
pushing,4
"left,",4
teeth,4
"pleasure,",4
call,4
What,4
calm,4
question,4
milk,4
kitchen.,4
brown,4
breath,4
heavy,4
"little,",4
"couch,",4
idea,4
"side,",4
walls,4
worry,4
best,4
below.,4
shall,4
working,4
startled,4
what's,4
either,4
home.,4
learn,4
locksmith,4
THE,4
slight,4
out.,4
quietly,4
push,4
"back,",4
there.,4
number,4
brought,4
"who,",4
seem,4
place,4
That's,4
amazed,4
started,4
raising,4
Franz,4
owner,4
maybe,4
hope,3
By,3
"1.F.3,",3
now.,3
"place,",3
ready,3
"dressed,",3
wall,3
eat.,3
briefly,3
landed,3
pockets,3
remembered,3
occurred,3
isn't,3
evening.,3
explaining,3
them;,3
fond,3
debt,3
greatest,3
Translated,3
fact,3
ceiling,3
"before,",3
come.,3
agreement.,3
"done,",3
extremely,3
situation,3
misfortune,3
daughter,3
answered,3
improvement,3
sitting,3
success,3
normally,3
"together,",3
strain,3
page,3
bedroom,3
pleasure,3
was.,3
repeated,3
Wyllie.,3
forwards,3
"years,",3
"head,",3
news,3
recently,3
mixed,3
apart,3
themselves.,3
difficulty,3
wide,3
slowly.,3
"while,",3
main,3
rolled,3
learned,3
(or,3
top,3
doorway,3
receipt,3
shaking,3
seven,3
day.,3
friends,3
particularly,3
properly,3
links,3
giving,3
stretch,3
"then\",",3
breathe,3
standing,3
to.,3
suspicious,3
bringing,3
mood,3
Grete's,3
"possible,",3
future.,3
cause,3
went.,3
bare,3
"business,",3
disappeared,3
"parents,",3
others.,3
six,3
seven.,3
clerk's,3
persuade,3
distributed,3
wants,3
General,3
inside,3
fast,3
"hands,",3
hair,3
shove,3
1.E.9.,3
answer,3
"had,",3
waste,3
applicable,3
sudden,3
warm,3
he'll,3
LIMITED,3
talking,3
however,3
entity,3
nodded,3
away.,3
watching,3
wait,3
rain,3
wrong,3
beginning,3
out:,3
admit,3
"happening,",3
up.,3
derivative,3
"meal,",3
Would,3
managed,3
"he,",3
end,3
remember,3
official,3
bad,3
more.,3
animal,3
raise,3
proper,3
deeply,3
"\"Gregor,",3
complying,3
spend,3
"old,",3
in.,3
editions,3
makes,3
convinced,3
"breath,",3
gold,3
arm,3
firm,3
usually,3
listening,3
"asleep,",3
support,3
partly,3
dark,3
dinner,3
"performing,",3
body.,3
payments,3
immobile.,3
respect,3
absolutely,3
second,3
"window,",3
friendly,3
avoid,3
Once,3
"furniture,",3
additional,3
current,3
"where,",3
consider,3
Foundation's,3
there's,3
country,3
ask,3
Christmas,3
trademark,3
meal,3
"calm,",3
uneasy,3
included,3
doorway.,3
"now\",",3
coming,3
return,3
breakfast,3
samples,3
"here,",3
young,3
hall,3
limitation,3
"Now,",3
Please,3
talk,3
medium,3
heavily,3
Hardly,3
broke,3
appeals,3
"reason,",3
mission,3
realise,3
U.S.,3
"\"what",3
Perhaps,3
provided,3
annoyed,3
life.,3
"voice,",3
usual,3
surprise,3
knock,3
occupied,3
lot,3
dare,3
important,3
locked,3
carpet.,3
chase,3
paying,3
clean,3
replacement,3
Only,3
calmly,3
ANY,3
nonetheless,3
"\"I'll",3
flowed,3
continue,3
thrown,3
trademark.,3
intention,3
lift,3
explanation.,3
finger,3
"times,",3
"words,",3
lady,3
caught,3
we're,3
picked,3
hat,3
Just,3
waiting,3
fled,3
change,3
"seemed,",3
ate,3
"trademark,",3
From,3
nobody,3
deep,3
"did,",3
feeling,3
fur,3
costs,3
web,3
"right,",3
protect,3
bound,3
"legs,",3
listen,3
back.,3
creating,3
carrying,3
again;,3
letting,3
smile,3
"moment,",3
total,3
it!,3
"home,",3
o'clock,3
"broom,",3
alright,3
knocking,3
GUTENBERG,3
"happened,",3
written,3
FOR,3
"\"What's",3
corner.,3
simple,3
"life,",3
Web,3
It's,3
though.,3
whom,3
paragraphs,3
1.E.1,3
test,3
Was,3
directly,3
obtain,3
eBooks,3
causing,3
relatively,3
watched,3
slid,3
distance,3
"\"Come",3
indicating,3
entertaining,3
appearance,3
means,3
pull,3
compliance,3
showed,3
thoughts,3
empty,3
various,3
table.,3
cautious,2
"cold,",2
fog,2
worked,2
hurry,2
explain,2
watch,2
prevent,2
disclaimer,2
broom,2
"\"Yes,",2
subject,2
nightgown,2
pride,2
"eBooks,",2
slept,2
froze,2
face.,2
meat,2
"license,",2
copied,2
"dish,",2
overview,2
salesmen,2
yourself,2
helping,2
leather,2
requirements,2
lieu,2
"everything,",2
"doorway,",2
"fact,",2
usual.,2
Vanilla,2
continued,2
newspaper.,2
everywhere,2
Wyllie,2
showing,2
3,2
Donations,2
times.,2
"went,",2
certain,2
501(c)(3),2
hurrying,2
assistant,2
rubbed,2
previous,2
while.,2
wife,2
around.,2
enquiries,2
Whatever,2
month,2
legal,2
horrible,2
side.,2
stuck,2
"learned,",2
grey,2
"movement,",2
letters,2
"could,",2
chair.,2
leading,2
distress,2
based,2
opening,2
couple,2
this.,2
equipment.,2
lively,2
"anyway,",2
insist,2
steady,2
woke,2
"month,",2
afraid,2
eight,2
choice,2
opportunity,2
attention.,2
http://pglaf.org,2
allow,2
hot,2
Sometimes,2
silence.,2
sleep.,2
"\"he's",2
commercial,2
"forward,",2
beds,2
long.,2
required,2
Except,2
report,2
innocent,2
employer,2
sounded,2
obtaining,2
jumped,2
smiled,2
vigorously,2
position.,2
"instance,",2
change.,2
"people,",2
Use,2
registered,2
destroy,2
falling,2
driven,2
mother;,2
herself.,2
spoken,2
failed,2
way.,2
numerous,2
tidied,2
for.,2
head.,2
wooden,2
miracle,2
dissuade,2
"changed,",2
swang,2
place.,2
"chair,",2
"\"He",2
"\"No\",",2
nor,2
entering,2
here.,2
"expenses,",2
accept,2
excitedly,2
man.,2
cheese,2
lodged,2
crossed,2
"travelling,",2
can.,2
spit,2
permitted,2
itch,2
"hard,",2
amazement,2
"walls,",2
buttons,2
physical,2
evenings;,2
read,2
confirmation,2
License.,2
task,2
reaching,2
direct,2
"mouth,",2
splashed,2
unexpected,2
"kitchen,",2
defective,2
boss's,2
fifteen,2
itself,2
state.,2
"mind,",2
takes,2
method,2
"eBook,",2
"money,",2
2002,2
handle,2
elderly,2
blow,2
load,2
"patient,",2
laying,2
TO,2
sad,2
met,2
"yes,",2
prospects,2
"played,",2
created,2
"night,",2
sank,2
washing,2
cash,2
struggling,2
silent,2
"\"Gregor\",",2
eating.,2
"Metamorphosis,",2
paper,2
suffered,2
sending,2
upset,2
"\"If",2
federal,2
Dr.,2
"o'clock,",2
liked,2
visit,2
considerate,2
May,2
"injured,",2
staying,2
water,2
Even,2
trembling,2
interest,2
somewhere,2
"evening,",2
prepared,2
Michael,2
"direction,",2
"However,",2
First,2
dust,2
too.,2
Royalty,2
definitely,2
control,2
easier,2
making;,2
Although,2
BREACH,2
Copyright,2
family.,2
"\"that",2
impression,2
active,2
bowed,2
accordance,2
excuse,2
"tears,",2
whispering,2
"\"Just",2
promoting,2
stamped,2
late,2
"listen,",2
contrast,2
frightening,2
listened,2
clothes,2
produced,2
1.E.1.,2
"Gregor\",",2
polished,2
broad,2
"stand,",2
"breakfast,",2
check,2
user,2
90,2
Other,2
relaxation,2
unheard,2
Meanwhile,2
she'd,2
painful,2
"So,",2
stiff,2
NOT,2
beg,2
suitable,2
remind,2
unfolded,2
slamming,2
eaten,2
cost,2
that.,2
crack,2
These,2
See,2
real,2
climb,2
aside,2
chairs,2
EBOOK,2
lightly,2
listening.,2
ignoring,2
regret,2
"sleep,",2
hungrier,2
whatever,2
"because,",2
dragged,2
appreciated,2
email,2
explanation,2
quiet.,2
Maybe,2
self,2
staring,2
minutes,2
"down,",2
father.,2
bread,2
willing,2
*****,2
FULL,2
fitted,2
"say,",2
"said\",",2
wall.,2
double,2
weak,2
contain,2
curious,2
failure,2
wake,2
Some,2
appear,2
widest,2
A,2
twice,2
choose,2
"immediately,",2
adhesive,2
exhausted,2
"despair,",2
salesman,2
worries,2
"\"Mr.",2
"else,",2
enter,2
Throughout,2
file,2
anger,2
"you.\"",2
hurt,2
mean,2
that;,2
How,2
grasp,2
sides.,2
marked,2
date,2
"form,",2
rest.,2
"carpet,",2
badly,2
"coat,",2
formats,2
Despite,2
seen.,2
"out.\"",2
morning.,2
noises,2
high,2
confidence,2
reply,2
gently,2
swayed,2
copying,2
whatsoever.,2
"effort,",2
"will,",2
meals,2
We've,2
solicit,2
spot.,2
Why,2
intended,2
Because,2
cap,2
left.,2
woken,2
passed,2
worn,2
damage,2
helped,2
poked,2
containing,2
"us\",",2
"upright,",2
"hunger,",2
dull,2
"desk,",2
regard,2
violin.,2
references,2
"understood,",2
led,2
earned,2
"holder,",2
1.E.8.,2
prohibition,2
"perhaps,",2
abandoned,2
cleaning,2
follow,2
out;,2
"God!\"",2
open;,2
collapsed,2
expense,2
realised.,2
closely,2
exchange,2
hospital,2
obvious,2
forgot,2
displaying,2
DAMAGES,2
fail,2
Will,2
lie,2
playing;,2
ill.,2
haven't,2
"late,",2
Terms,2
property,2
"\"Oh,",2
claim,2
saying.,2
said.,2
known,2
conservatory,2
child,2
owed,2
intellectual,2
1.E.8,2
upon,2
readable,2
bend,2
tug,2
holder.,2
curse,2
hallway,2
hanging,2
shocking,2
"efforts,",2
meet,2
"Well,",2
moment,2
tender,2
agreed,2
tightly,2
eBooks.,2
exempt,2
members,2
breathing,2
pleased,2
"condition,",2
What's,2
smell.,2
imposed,2
moreover,2
"sake,",2
fees,2
METAMORPHOSIS,2
"finally,",2
threatened,2
"go,",2
"Samsa\",",2
cleared,2
hitting,2
fist.,2
"going,",2
outstretched,2
re-use,2
Metamorphosis,2
hadn't,2
sewing,2
jaws,2
peacefully,2
coffee,2
unbearable,2
refused,2
files,2
computer,2
matter,2
astonished,2
holder,2
judge,2
heaviest,2
equipment,2
glance,2
"gently,",2
wanting,2
"itself,",2
concept,2
round.,2
Their,2
reduced,2
shoulders,2
warnings,2
putting,2
end.,2
midday,2
unpleasant,2
concerning,2
Its,2
direction,2
THAT,2
EBook,2
spoke,2
fingers,2
movements.,2
familiar,2
dirt,2
limited,2
"States,",2
run,2
burdensome,2
completely.,2
achieved,2
somewhat,2
endure,2
"\"Plain",2
company,2
believing,2
thin,2
"disturbed,",2
draw,2
indifferent,2
begin,2
owns,2
"copying,",2
prominently,2
himself:,2
ceiling.,2
removing,2
waited,2
holiday,2
"help,",2
placed,2
available,2
"worried,",2
"through,",2
calmed,2
darkness,2
play,2
waited.,2
NO,2
WARRANTIES,2
you'll,2
pieces,2
specified,2
defect,2
information,2
Had,2
"is,",2
better.,2
"months,",2
lap,2
drawn,2
"herself,",2
sofa,2
lain,2
"playing,",2
LICENSE,2
AGREE,2
line,2
large,2
Nothing,2
"later,",2
silent.,2
point,2
imagine,2
printed,2
www.gutenberg.net,2
mind,2
"\"Well",2
things.,2
"days,",2
S.,2
believe,2
bolted,2
wearing,2
true,2
tip-toe,2
restrictions,2
You've,2
abandoning,2
weight,2
"state,",2
"one,",2
"\"Oh",2
grant,2
electric,2
"closer,",2
form.,2
me.,2
"Please,",2
"other,",2
"sold,",2
"medium,",2
size,2
closing,2
considerable,2
refund.,2
narrow,2
decision,2
experienced,2
"ASCII\"",2
accuse,2
"longer,",2
reported,2
voice:,2
noise.,2
secret,2
less,2
weaker,2
During,2
dared,2
"anxiously,",2
"for,",2
sister.,2
big,2
mad,2
"doors,",2
swing,2
windows,2
frequently,2
"things,",2
"delay,",2
beautiful,2
1.E.7,2
gratitude,2
money?,2
"displaying,",2
"me?\"",1
enough;,1
lieutenant,1
office?,1
antennae,1
inner,1
"affairs,",1
tortured,1
"disconcerted,",1
conclusions,1
"\"You'll",1
Did,1
photograph,1
difficulty.,1
"ever,",1
construed,1
"forgetting,",1
smelling,1
combed,1
"slow,",1
bone,1
dustbins,1
laboriously,1
"again!\"",1
noticing,1
Updated,1
"viewed,",1
include,1
Defect,1
Title:,1
arches,1
"knows,",1
"\"Something's",1
"here.\"",1
afterwards,1
"be,",1
vegetables,1
cook,1
"\"come",1
"indeed,",1
provisions.,1
"room.\"",1
duties,1
nearest,1
rested.,1
"experienced,",1
approached,1
flowers,1
"afraid,",1
dishes,1
countries,1
"99712.,",1
Doing,1
circumstances,1
"hopefully,",1
locked?,1
"appear,",1
awoke,1
wink,1
"week,",1
expression,1
wiped,1
"word,",1
irritation.,1
unlink,1
periodic,1
1500,1
International,1
"know\",",1
begun,1
among,1
underneath.,1
Whenever,1
sense,1
injury.,1
insistent,1
piled,1
preoccupied,1
darkness.,1
lips,1
of;,1
"clock,",1
"frame,",1
"milk,",1
"foods,",1
dropped,1
everything's,1
he'd,1
displacing,1
"\"Alright,",1
lady.,1
fees.,1
"person,",1
space,1
"below,",1
institute;,1
attempted,1
ahead,1
"\"Dead?\",",1
PUNITIVE,1
throughout,1
"20,",1
lazy,1
"stick,",1
smoking.,1
repugnant,1
(available,1
expend,1
"CONSEQUENTIAL,",1
MERCHANTIBILITY,1
financial,1
Language:,1
strenuous,1
scream,1
unlocked,1
"shame,",1
unusual,1
spin,1
everyone's,1
coat;,1
"mean?\",",1
critical,1
2012,1
"fro,",1
tools;,1
"stopped,",1
senses,1
fancy,1
imaginable,1
strangers,1
"there!\"",1
joined,1
steps.,1
tray,1
"\"Tonight",1
purpose,1
recognised,1
shuffled,1
slowly;,1
engrossed,1
"rooms,",1
consisting,1
act,1
"although,",1
"\"We",1
continually,1
moments,1
wrote,1
practically,1
implied,1
"\"Getting",1
"better,",1
shame,1
"brother,",1
question.,1
separated,1
disappear,1
understanding,1
"provide,",1
WITH,1
magazine,1
length,1
losing,1
stubbornness,1
contracts,1
"\"he",1
throwing,1
"confidence,",1
sucking,1
"table,",1
dismissed;,1
bucketfuls,1
toward,1
knives,1
perfect,1
"violin,",1
necklace,1
"impossible,",1
discovery,1
men,1
progress,1
promise,1
Gutenberg-tm.,1
demand,1
"liability,",1
Salt,1
case?,1
"called,",1
traveller,1
line;,1
hungry,1
glimpsed,1
stay.,1
"\"just",1
thunder,1
eyes.,1
men's,1
constant,1
"fees,",1
DONATIONS,1
understanding.,1
peered,1
not;,1
healthy,1
clumsy.,1
bravely,1
childish,1
incredible,1
pen,1
"dully,",1
END,1
royalties.,1
name,1
agent,1
Service.,1
addresses.,1
textile,1
plaintively:,1
chin,1
opposite;,1
position;,1
starting,1
"dead,",1
modified,1
donate,1
prepare),1
1.F.3.,1
"\"Good",1
commerce,1
"decisions,",1
"somewhere,",1
thanking,1
nailed,1
"inaccessible,",1
sweetly.,1
"data,",1
"\"Right",1
"whole,",1
originally,1
clumsily,1
labouring,1
salts,1
"eyebrows,",1
abruptly,1
rooms,1
"wide,",1
1.E.4.,1
GIVE,1
"thoughtfully,",1
Grete.,1
sister;,1
considered,1
"boy,",1
sharing,1
royalties,1
30,1
REPLACEMENT,1
from.,1
exclusion,1
"son,",1
locking,1
today.,1
soon.,1
dressed.,1
involved,1
dripped,1
"\"Oh!\",",1
pleasant,1
bulging,1
begged,1
much.,1
document,1
earlier.,1
mingled,1
human.,1
firmly,1
flapped,1
been.,1
"\"then",1
town.,1
"tram,",1
Replacement,1
liability,1
http://www.pglaf.org.,1
use.,1
"now!\"",1
Until,1
"controlled,",1
hinder,1
feeding,1
service.,1
drank,1
scratching,1
"from,",1
carved,1
chasing,1
"answered,",1
PROVIDED,1
business@pglaf.org.,1
form,1
lose,1
here!,1
"listening,",1
interest;,1
(whose,1
"\"look",1
something.,1
"while\",",1
preserve,1
"displayed,",1
Sections,1
principal,1
seven;,1
"work\",",1
carefree,1
"behaviour,",1
"suffocating,",1
emergencies;,1
relaxed,1
medicine,1
"tolerate,",1
"\"Yes\",",1
1.E.3.,1
opposite,1
"something,",1
lamps,1
attract,1
"bank,",1
"job,",1
entitled,1
yearning,1
determined,1
needn't,1
examination,1
disclaim,1
non,1
http://www.gutenberg.net,1
"peacefully,",1
daring,1
"Anna!\"",1
"lead\",",1
almonds;,1
unselfconsciously,1
Arms,1
patient.,1
"\"but",1
beings,1
sprung,1
shout,1
EXCEPT,1
corporation,1
originator,1
too:,1
"13,",1
expectations,1
fortunately,1
newspaper,1
dismissal,1
scraping,1
sounding,1
armchair,1
grin.,1
Drawn,1
shrugged,1
"cost,",1
notifies,1
"Refund\"",1
variety,1
facility:,1
sad.,1
resolve,1
burning,1
"isn't.\"",1
rested,1
table;,1
occur,1
raisins,1
agree;,1
"maid,",1
shop,1
wasting,1
performances,1
fell;,1
forgetting,1
"laughed,",1
hunger,1
lovely,1
"groaning,",1
superior,1
dawning,1
"\"At",1
crying,1
"electronically,",1
charities,1
ways,1
Public,1
business?,1
"dizziness,",1
likes,1
opening;,1
"scar,",1
modest,1
girl,1
appreciation,1
oh,1
glanced,1
beards.,1
observed,1
marriage,1
in;,1
ISO-8859-1,1
desk!,1
noise?,1
occupational,1
trainees,1
forgive,1
"be.\"",1
"him!\"",1
station,1
mixing,1
press,1
either.,1
saved,1
exact,1
subdued,1
filth.,1
blew,1
noses.,1
gain,1
will.,1
thanks,1
"flat,",1
Redistribution,1
START:,1
codes,1
computers,1
3.,1
sensitive.,1
palely,1
herself;,1
(as,1
hardest,1
darkest,1
"\"She's",1
"\"That's",1
frame.,1
congratulated,1
suggest,1
sound.,1
achievements,1
living.,1
protruded,1
gleeful,1
then.,1
1.E.6.,1
research,1
"Fairbanks,",1
2005,1
"would,",1
"\"Before",1
"concentration,",1
diligence,1
seeming,1
Milk,1
revolting,1
untouched.,1
fro,1
anyway;,1
monster,1
deal,1
"infringement,",1
extent,1
newsletter,1
lots,1
breakfast.,1
peculiar,1
covering,1
converted,1
Can't,1
tempted,1
"quiet,",1
invariably,1
junk,1
example.,1
derived,1
Director,1
kicked,1
"mother\",",1
gas,1
"sadly,",1
"him?\",",1
floor;,1
"self-reproach,",1
hotel,1
thick-boned,1
opened;,1
stone,1
"being,",1
apply,1
DAMAGE.,1
Volunteers,1
"84116,",1
workshy.,1
balance,1
happened.,1
coughs,1
gossip,1
draught,1
vague,1
screamed,1
dung-beetle,1
opened.,1
unknown,1
landing;,1
ostrich,1
inaccurate,1
EVEN,1
"production,",1
"o'clock.\"",1
fa√ßade;,1
newspapers.,1
leapt,1
disturb,1
Instead,1
disappointment,1
sorted,1
other's,1
Gutenberg:,1
"INDIRECT,",1
Lake,1
desperate,1
mention,1
arrive,1
"paper,",1
undisturbed,1
"lot,",1
distinct,1
sufficient,1
force;,1
wrapped,1
collar,1
"breathe),",1
kiss,1
"Samsa!\",",1
altogether.,1
friend,1
"sunshine,",1
returns.,1
"donate,",1
squeaking,1
serious.,1
"hissing,",1
dark.,1
suffering,1
serviettes,1
uncontrolled,1
definite,1
strides,1
granted,1
donations.,1
posted:,1
conclusions.,1
train!,1
powerful,1
turn.,1
preparation,1
"tall,",1
greedily,1
sauce;,1
"ordeal,",1
arc,1
strict,1
blouse,1
nowadays.,1
"age!\"",1
"windowpanes,",1
love,1
politeness,1
action,1
nodding,1
"wrong.\"",1
neck.,1
panting,1
gbnewby@pglaf.org,1
"nonsense\",",1
shudder.,1
stillness,1
awful,1
wept,1
hissing,1
hand.,1
confusion,1
revulsion,1
sufficiently,1
promotion,1
thinks,1
unnecessary,1
key?,1
recent,1
awake,1
rounded,1
shaken,1
tremor,1
safe,1
shown,1
e-mail),1
IF,1
"need,",1
"Hell!\"",1
furniture-rattling,1
disturbing,1
"us\".",1
"key.\"",1
God's,1
stare,1
thoughtless,1
little;,1
faithful,1
behaviour.,1
suffer.,1
hopes,1
adult's,1
imagined,1
"customers,",1
"middle,",1
humanly,1
"defective,",1
compared,1
"each,",1
know:,1
response,1
businessman,1
reach,1
"\"no",1
persuaded,1
"tossed,",1
"death,",1
"go\",",1
startling,1
twisted,1
royalty,1
"ACTUAL,",1
fix,1
disclaimers,1
ring,1
adjoining,1
"\"now",1
appropriate,1
accumulated.,1
"whether,",1
decisively,1
legally,1
transcription,1
determine,1
library,1
domed,1
maintain,1
"force,",1
denuded,1
damp,1
shorthand,1
seat,1
play;,1
"conservatory,",1
PG,1
vermin.,1
devoted,1
"there\",",1
room;,1
"impatient,",1
"seventeen,",1
propped,1
approved,1
whereabouts,1
we've,1
damages,1
Father.,1
peaceful,1
smaller,1
educational,1
contributions,1
former,1
deepness,1
conscience,1
"unwell,",1
"insistent,",1
sorrows,1
(the,1
"mood,",1
"comment,",1
"seen\",",1
know),1
"today!\",",1
limply,1
area,1
REFUND,1
"time\",",1
"Heaven!\"",1
exceptionally,1
"bed\",",1
Your,1
hefty,1
visitor,1
closed.,1
spring,1
object,1
hidden,1
"introduction,",1
surprising,1
go;,1
bring.,1
comes,1
Another,1
quarrel,1
Unless,1
state's,1
"\"so",1
like;,1
needed.,1
building,1
door;,1
shone,1
timorous,1
pane,1
meters,1
count,1
cooked,1
"\"Is",1
realisation,1
"user,",1
group,1
machine,1
includes,1
rung.,1
Half,1
"start,",1
traces,1
angry,1
"eyes,",1
"shoulders,",1
addition,1
discontinue,1
1.F.6.,1
exists,1
upright;,1
"large,",1
blown,1
taste,1
stains,1
so?,1
lives,1
"round\",",1
"\"Where",1
favour.,1
intent,1
"rules,",1
DISTRIBUTOR,1
licensed,1
"unclear,",1
attack,1
resounding,1
injuries,1
content,1
damage.,1
all-important,1
pulling,1
unused,1
"mingle,",1
"fortunately,",1
woman,1
"\"Well?\",",1
destroyed,1
Leant,1
http://pglaf.org/fundraising.,1
4557,1
doctor's,1
"now.\"",1
doubt,1
dry,1
gifted,1
down.,1
"joy,",1
"glass,",1
"lamp,",1
shy,1
"annoyed,",1
"\"And",1
STRICT,1
letter,1
"\"How",1
incomprehensible,1
accusations,1
"that?\"",1
solid,1
years.,1
"enviable,",1
nothing;,1
"ground,",1
III,1
"injuries,",1
"eating,",1
"disappointed,",1
brief,1
dreams,1
chosen!,1
hard.,1
breast.,1
"ended,",1
"either,",1
influence,1
wait;,1
chambermaids,1
"formerly,",1
movements,1
urged,1
"plan,",1
respect.,1
later;,1
divided,1
"make,",1
crying?,1
flecks,1
interrupted,1
pain.,1
pretend,1
precaution,1
monotonous,1
screamed:,1
banking,1
address.,1
specific,1
1.A.,1
RIGHT,1
Gutenberg-tm's,1
support.,1
supernatural,1
danger.,1
body;,1
events,1
coughing,1
warmth,1
gained.,1
USE,1
1.E.5.,1
do.,1
price;,1
"sighing,",1
"me,",1
lit,1
"left-overs,",1
sill,1
bedsheet,1
"least,",1
"volume,",1
lines,1
pressure,1
detail,1
comfortably,1
20%,1
charitable,1
today,1
"falling,",1
ease,1
"taste,",1
gather,1
"shiny,",1
uncomfortable,1
"seat,",1
alternate,1
hundreds,1
dream.,1
ticking,1
responsibility,1
lighter;,1
angle,1
permanently.,1
needle,1
"threads,",1
beards,1
"in\".",1
"viewing,",1
Author:,1
patient!,1
hoped,1
"gentleman,",1
thereby,1
"screamed,",1
Special,1
1.F.2.,1
Below,1
illustrated,1
o'clock.,1
greatly,1
knocked,1
parents.,1
hard;,1
complicated,1
earth,1
result,1
"thoughts,",1
nuisance,1
http://gutenberg.net/license).,1
types,1
Email,1
START,1
"nice,",1
Aren't,1
suppress,1
himself;,1
barricade,1
"all\".",1
suggested,1
"\"Mother,",1
stranger.,1
calls,1
resentful,1
heads,1
"us,",1
"\"let's",1
[EBook,1
Character,1
decide,1
peel,1
"thanks,",1
earned.,1
inseparably.,1
hide,1
double-chin,1
belonging,1
carpet,1
"until,",1
"intentions,",1
research.,1
Translator:,1
hearing.,1
condemned,1
over;,1
"onto,",1
starve,1
"overnight,",1
pointless,1
days.,1
bedroom;,1
would.,1
cheaper,1
"talking,",1
compilation,1
FITNESS,1
is;,1
sweetened,1
vegetables;,1
wearily,1
ever-present,1
running;,1
differently,1
expects,1
Under,1
pillows,1
attributed,1
maximum,1
August,1
floundering,1
luxury.,1
"\"That'll",1
victim,1
rows,1
notches,1
dirty.,1
source,1
closer,1
(c),1
"16,",1
chaos.,1
miss,1
conversation.,1
"animal\",",1
anxiously,1
stay;,1
school,1
"attentive,",1
terribly,1
exporting,1
indemnify,1
paperwork,1
boss;,1
bulk,1
natural,1
gruff,1
unsatisfactory,1
late;,1
illness,1
You're,1
dipped,1
sighs,1
thrift,1
sheet;,1
"startlement,",1
days;,1
serve,1
captivate,1
stretching,1
rumination,1
said:,1
leaned,1
possessed,1
ensuring,1
Executive,1
practise,1
"boss,",1
confused,1
contractor,1
proprietary,1
profits,1
"identify,",1
"FOUNDATION,",1
INDEMNITY,1
IRS.,1
untidiness,1
unpleasantness,1
roll,1
"feelings,",1
"determination,",1
"Gutenberg\"),",1
CONTRACT,1
network,1
English,1
turnover,1
"realised,",1
impose,1
"nobody,",1
junior,1
"happy,",1
"quietly,",1
sliding,1
jewellery,1
"right\",",1
death,1
coming.,1
directions.,1
"appears,",1
damages.,1
"#5200]",1
boa,1
gentle,1
"\"Gregor!",1
enunciating,1
"present,",1
consciousness.,1
"moment\",",1
stamping,1
humbly,1
freely;,1
"surprising,",1
GUTENBERG-tm,1
elastic,1
ears,1
"\"Now,",1
travellers.,1
"speak,",1
"speaking,",1
stairway,1
flee,1
coat,1
bottom,1
sales,1
feather,1
"everyone\",",1
s/he,1
information:,1
accepting,1
"spineless,",1
"well\",",1
off.,1
"eat,",1
glass,1
labour,1
enemy.,1
"contrary,",1
tickle,1
original,1
carelessly,1
wildest,1
catching,1
"child\",",1
replied,1
"food,",1
sides:,1
it?,1
"Samsa\".",1
practice,1
"slowly,",1
"knife,",1
"frequent,",1
finances,1
"different,",1
accumulating.,1
enable,1
removed;,1
"sofa,",1
say:,1
new.,1
earnest,1
potatoes.,1
wishing,1
"action.\"",1
excited,1
unnatural.,1
DISCLAIMER,1
About,1
missed,1
ourselves;,1
self-control,1
suffer,1
enter.,1
visible,1
"midday,",1
"not,",1
disturbed,1
grounds,1
"errors,",1
harmless,1
"True,",1
imagination,1
yet.,1
imagining,1
permanently,1
"big,",1
"cap,",1
longing,1
agitated;,1
"He,",1
else.,1
arrangement,1
1.D.,1
"compressed,",1
60,1
prepare,1
accessible,1
cover,1
sleepiness,1
"anything?\"",1
breadth,1
visitor's,1
mistakes,1
clever;,1
sought,1
"compellingly,",1
scurry,1
seldom,1
Girls,1
provincial,1
accused,1
pain-wracked,1
letters.,1
tram,1
"WARRANTY,",1
"damages,",1
indirectly,1
hope;,1
train.,1
here;,1
"cried,",1
morning;,1
"today\",",1
thus,1
deeper,1
transport,1
"opportunity,",1
anxiously.,1
quieter.,1
($1,1
before?,1
"contrast,",1
help.,1
"Meanwhile,",1
"lock!\"",1
window.,1
entered,1
"coming,",1
indicate,1
"modification,",1
"habit,",1
greeting,1
fretsaw.,1
chilly,1
hissing!,1
chance.,1
"\"You",1
assailed,1
forward.,1
halt.,1
helplessness,1
print,1
easy.,1
1.C,1
"\"I'm",1
sir;,1
"\"surely",1
"wise,",1
gazing,1
surplus,1
picture.,1
immaculate,1
emotion,1
tower,1
blanket,1
corpse,1
collection.,1
breakfasts.,1
unwell,1
"employer,",1
upright.,1
distinguish,1
encouraged,1
lover,1
"weather,",1
heard.,1
"cheese,",1
transformation.,1
"apprentices,",1
enjoy,1
gets,1
livelier.,1
derive,1
donation,1
He'd,1
others?,1
confident,1
"\"Listen\",",1
"besides,",1
snapping,1
same;,1
explanations,1
"looked,",1
had.,1
high.,1
"wanted,",1
attack.,1
"\"would",1
will;,1
"more.\"",1
proud,1
5200-h.htm,1
detach,1
proofread,1
Yes?,1
harmful,1
"bleeding,",1
Through,1
horrible.,1
bite,1
belly.,1
chair;,1
injury,1
dried,1
"\"Grete,",1
http://www.gutenberg.net/5/2/0/5200/,1
BEFORE,1
NOTICE,1
"thump,",1
suffer!,1
"\"Did",1
Grete!,1
should.,1
well;,1
end?,1
"much,",1
Besides,1
cope,1
red,1
reminder,1
"stubbornness,",1
immobile,1
mumbled,1
"seats,",1
"Hart,",1
deletions,1
request,1
snuffling,1
suitable?,1
return.,1
periods,1
chest:,1
responded,1
already?,1
forefinger,1
irritably.,1
sentence,1
party,1
While,1
visit:,1
"saying,",1
diligently,1
knees,1
Or,1
dominated,1
soon;,1
"fainted,",1
invalid,1
"newspaper,",1
Mission,1
shared,1
produce,1
edges,1
screaming,1
"goodness,",1
"use,",1
space.,1
comment,1
sides;,1
movement,1
you!),1
DISTRIBUTE,1
"understand,",1
"'AS-IS,'",1
Didn't,1
crying.,1
strength.,1
sides,1
fluttered,1
unsuccessfully,1
foot.,1
"businesses,",1
thoroughly,1
repelled,1
player,1
bow,1
"notice.\"",1
"\"we",1
wide.,1
mistrust,1
survive,1
approach,1
offer,1
clerk;,1
"Grete!\"",1
unthinking,1
stairs;,1
unfortunate,1
peg,1
pantry,1
Smears,1
"\"I'd",1
"pointing,",1
"aching,",1
possession.,1
"holder),",1
Internal,1
gush,1
"overcoat),",1
Hearing,1
celebrations.,1
plans,1
refuse,1
declare,1
conditions,1
resistance,1
arm.,1
(does,1
IN,1
deductible,1
Domain,1
looked.,1
"packed,",1
imaginings,1
"gather,",1
whispered,1
latest,1
droplets,1
"see,",1
dry-eyed,1
"forgotten,",1
ear,1
beyond,1
"purpose,",1
"downloading,",1
does,1
AND,1
1.F.5.,1
depends,1
"belly,",1
belly;,1
leaves,1
wondered,1
job;,1
soft,1
frequent,1
heaving,1
won't,1
overcoat,1
(in,1
robust,1
checking.,1
"And,",1
"forwards,",1
"shocking,",1
then?,1
prejudice,1
caution.,1
sallied,1
spot,1
dozing,1
quicker,1
AGREEMENT,1
assistance,1
troubled,1
unsure,1
mouth.,1
bother,1
observant,1
feeble,1
"easier\".",1
disappear.,1
provoking,1
peaceful.,1
worst,1
weeks,1
sticks,1
(if,1
"requirements,",1
hundred,1
reduce,1
sky,1
"God,",1
items,1
neck,1
Redistributing,1
attached,1
copyrighted,1
Additional,1
"mild,",1
"\"it's",1
"thank-you,",1
risked.,1
investigate,1
"evenings,",1
sacked,1
leave?,1
crouched,1
favourite,1
arrangement.,1
"circumstances,",1
poor,1
rage,1
chewing,1
we'd,1
cigarettes,1
"enquiringly,",1
"performed,",1
interpreted,1
5.,1
pure,1
intercede,1
secret.,1
"cool,",1
hissed,1
attackers;,1
Foundation.,1
secure,1
http://pglaf.org/donate,1
subordinates,1
strained,1
"considerations.\"",1
clapping,1
invisible,1
"situation,",1
"conversation,",1
swore,1
"splendour,",1
caustic,1
"boots,",1
slumber,1
melancholy,1
played,1
"cleaner,",1
decision.,1
unenforceability,1
"leg,",1
retreating,1
anyway.,1
useless,1
alright;,1
"happened?\"",1
begging,1
alone.,1
"am,",1
despair,1
acceptance,1
nightdress;,1
Samsa.,1
built,1
array,1
lad,1
"astonished,",1
centre,1
concealed,1
unfastened,1
opinion),1
"\"Father,",1
"\"Leave",1
problem.,1
muff,1
rung?,1
He's,1
"impatiently,",1
There's,1
concentration.,1
injured,1
work;,1
"\"Close",1
dampness,1
"breakfast?\",",1
End,1
bedding,1
wisdom,1
banging,1
keys,1
"while?\"",1
"high,",1
apples,1
swallow,1
"permission,",1
disappeared.,1
proceed,1
move.,1
God,1
WORK,1
1.B.,1
Details,1
contented,1
broad.,1
care,1
flight,1
anxious,1
"darkness,",1
errand.,1
incarcerated,1
"Later,",1
smiled.,1
inflamed,1
well-worn,1
prevented,1
TRADEMARK,1
cause.,1
subscribe,1
drawers.,1
"louts,",1
behalf.,1
impeding,1
Very,1
wasted,1
"move,",1
family's,1
"teaboy,",1
touchy,1
hands.,1
block,1
concentrated,1
rearranging,1
cease,1
"NEGLIGENCE,",1
(a),1
requirements.,1
painfully.,1
honour,1
Be,1
austere,1
box,1
"drawers,",1
back;,1
"stiff,",1
"\"Now",1
removed,1
"incomplete,",1
"next,",1
ten,1
opens,1
cry.,1
pot,1
write,1
comfort,1
half-rotten,1
explained,1
grand,1
till,1
emptied,1
little.,1
longer.,1
treated,1
"strangers,",1
"once,",1
ahead.,1
fear,1
(and,1
"\"Defects,\"",1
recognise,1
"Quick,",1
"\"keep",1
"removed,",1
empty.,1
delay.,1
homework,1
let's,1
bushy,1
mobility,1
overworked,1
smaller;,1
"family\"",1
staggered,1
they'd,1
walk;,1
"hat,",1
ANYTHING,1
recommendation,1
strangeness,1
"\"This",1
town,1
"seen,",1
lethal,1
"perversity,",1
trouser,1
came.,1
"excusal,",1
charges.,1
lively.,1
covers;,1
sacrifice.,1
"excitement,",1
"lips,",1
item,1
suffocating.,1
unusually,1
fainted,1
sacrificed,1
"something\",",1
"\"that's",1
distract,1
laws.,1
necessarily,1
hazard,1
"door\",",1
"\"get",1
uniting,1
forks.,1
disturbed.,1
"corpse,",1
continuing,1
5200-h.zip,1
abide,1
redistribute,1
compliance.,1
Most,1
"\"it",1
entrusted,1
fools,1
quickly?,1
fists,1
"narrow,",1
lived,1
jump,1
companions,1
monogram,1
tidy.,1
special.,1
identification,1
"accepted,",1
treatment,1
"sight,",1
square,1
underwear,1
expecting,1
repeatedly,1
"binary,",1
electronically,1
goals,1
sections.,1
cold,1
recover,1
"thing,",1
harder.,1
floating,1
selection,1
sixteen,1
"lived,",1
irregular,1
not.,1
acquired,1
"Sir\",",1
smooth,1
defend,1
edge,1
misfortunes,1
near;,1
"refrained,",1
stupid,1
afterwards.,1
"\"On",1
weakly,1
"as,",1
F3.,1
middle-aged,1
increasing,1
"five.\"",1
hearer,1
week,1
temporarily,1
pity's,1
thank,1
stranger,1
splinter,1
home;,1
hungry.,1
quaking,1
cosy,1
behaviour,1
ourselves,1
"virus,",1
"ready,",1
stubborn,1
incapable,1
ways.,1
plan,1
Out,1
oppressed,1
"trips,",1
"Grete\",",1
piece,1
movement;,1
Release,1
pauses,1
whispered:,1
behalf,1
work!,1
drove,1
was;,1
sauce,1
Long,1
dream,1
Soon,1
"curiosity,",1
certainty,1
"alarm,",1
"relieved,",1
"\"Information",1
swamp,1
thirty,1
minor,1
pouring,1
II,1
"ceiling,",1
sign.,1
she's,1
motors.,1
be.,1
exhaustion;,1
"Foundation\"",1
redistributing,1
gross,1
warranties,1
provision,1
occur:,1
Newby,1
housed,1
control.,1
succeeded,1
nearby,1
"trip,",1
disappointment;,1
dear,1
life!,1
transferring,1
"Nonetheless,",1
gentlemen?,1
question;,1
discussed,1
"editions,",1
assuming,1
"\"Mother?\"",1
hands;,1
announcement,1
hour,1
places,1
sunk,1
humility,1
premises.,1
irritation,1
(801),1
"checks,",1
"past,",1
depended,1
seized,1
Across,1
No,1
"\"Ah!\",",1
"widow,",1
hang,1
"companions,",1
practical.,1
taxes.,1
64-6221541.,1
Melan,1
waved,1
"already\",",1
patient,1
danger,1
"train,",1
"Charlottenstrasse,",1
pair,1
loss,1
"aim,",1
shabbier,1
"infirm,",1
elect,1
violates,1
methods,1
loose,1
feel.,1
satisfied,1
Two,1
"discourtesy,",1
symptom,1
"office,",1
vile,1
advice,1
"dinner,",1
holes,1
sweep,1
furnishings,1
occasionally,1
"look,",1
PURPOSE.,1
"City,",1
"God\",",1
"hostile,",1
bones,1
French,1
"satisfaction,",1
covers,1
they'll,1
destination,1
1.E.,1
edition.,1
Travelling,1
terrible,1
"motionless,",1
driving,1
locked.,1
"peeved,",1
blossoming,1
"AK,",1
"Gutenberg-tm,",1
viewer.,1
sits,1
newspapers,1
"experience,",1
healed,1
mindlessly,1
nourishment,1
slipped,1
tremendous,1
calculated,1
1.F.,1
"\"God",1
tips,1
clenched,1
"gradually,",1
enough.,1
climbing,1
"explanations,",1
coats.,1
butcher's,1
redistribution.,1
"PGLAF),",1
exclaim,1
"army,",1
"saw,",1
attracted,1
expressive,1
regret.,1
unyielding,1
"wallpaper,",1
"\"Mother's",1
changing,1
stumbling,1
crate,1
words:,1
1.E,1
appearing,1
reasonable,1
any),1
statements,1
hope.,1
disappeared;,1
limped,1
inedible,1
shivering,1
spying,1
lurched,1
"last!\".",1
"\"Cheerio",1
"Foundation.\"",1
void,1
(C),1
pursue,1
calmness,1
"\"Anna!",1
wind.,1
"complaints,",1
directions,1
mistake,1
were.,1
"street,",1
patch,1
numb,1
amount,1
Yet,1
sympathy,1
1.F.1.,1
"IMPLIED,",1
guidelines,1
injuring,1
regained,1
"endless,",1
poured,1
Behind,1
bottle,1
openly,1
reliable.,1
"beards,",1
wipe,1
skirt,1
whistled,1
"attention\".",1
law.,1
"alteration,",1
armour-like,1
ago.,1
force.,1
uncertainly,1
"staff,",1
wild,1
"disgust,",1
happening,1
"whirred,",1
hoping,1
arrange,1
freedom,1
son!,1
express,1
death;,1
budget,1
price,1
understood,1
walls.,1
final,1
goes,1
surely,1
reasons,1
mothers,1
hiss,1
"lightly,",1
"completely,",1
paleness,1
creation,1
eventually,1
muffled,1
wrenching,1
"banister,",1
benefit,1
location,1
cried.,1
"accurately,",1
extreme,1
"Eventually,",1
ground.,1
concerned,1
walk,1
feared,1
"enormous,",1
complaint,1
neglected.,1
principal.,1
"directions,",1
"it\".",1
person!,1
"sir,",1
"clothes,",1
inch.,1
bottles,1
rush.,1
confirm,1
Of,1
OTHER,1
"jaw,",1
"see\",",1
steadily,1
drops,1
"cave,",1
insist;,1
sideboard,1
intending,1
"alone,",1
chairs;,1
nostrils.,1
breakfasts;,1
"report,",1
jobs,1
BUT,1
invalidity,1
computers.,1
card,1
slide,1
spots,1
guest,1
uncontrollable,1
"\"seven",1
reads,1
"\"Can",1
"answer,",1
travellers,1
shouting:,1
coffee.,1
experience,1
housekeeper,1
"appearance,",1
shop;,1
"anyone,",1
Nearly,1
"DIRECT,",1
receiving,1
"company,",1
warning,1
well?,1
"began,",1
"hour,",1
folds,1
enthusiastic,1
"bottles,",1
harm.,1
quiet;,1
evenings,1
"ten,",1
"they,",1
obsessed,1
kissed,1
search,1
Last,1
parents',1
"question,",1
communicated,1
pack,1
"flying,",1
"reading,",1
foods,1
round;,1
Unnecessary,1
"understanding,",1
"shut,",1
'ave,1
remaining,1
included.,1
yet,1
"startled,",1
"idea,",1
"probably,",1
slightly.,1
lungs,1
fruit,1
did.,1
"hurry,",1
feed,1
notes,1
positions.,1
described,1
"LIABILITY,",1
employee,1
helplessly,1
"\"what's",1
"city,",1
"buttons,",1
scalp.,1
scurried,1
shock;,1
helpless;,1
"\"My",1
"comprehension,",1
decayed,1
"OWNER,",1
Date:,1
chose,1
rushing,1
"this.\"",1
business.,1
snapped,1
fixed,1
"again\".",1
violence.,1
world,1
therefore,1
Creating,1
govern,1
"\"They're",1
maid's,1
doctor.,1
vigour,1
fretsaw,1
Someone,1
"hairs,",1
join,1
"\"So,",1
arduous,1
speech,1
released,1
matters,1
ceiling;,1
condition;,1
spokesman,1
ancient,1
cheek,1
ago,1
persecuting,1
posture,1
in:,1
"request,",1
donors,1
service,1
danced,1
clearer,1
stared,1
sensitive,1
Quickly,1
ability,1
duty,1
peering,1
chuck,1
"attention,",1
withdrew,1
"sacked\",",1
Let's,1
UNDER,1
house,1
strikes,1
"already,",1
outside.,1
"violinist,",1
"communication,",1
albeit,1
upwards,1
Any,1
corrupt,1
EXPRESS,1
transformed,1
"pane,",1
"decision,",1
yes,1
of.,1
"right!\"",1
gaslight,1
swept,1
perhaps;,1
inherited?,1
subtleties,1
"away.\"",1
checked,1
quick,1
"were,",1
house;,1
PARAGRAPH,1
basis,1
well.,1
distinctly,1
before;,1
"bin,",1
mealtime,1
planned,1
fur.,1
"\"Aren't",1
they're,1
remains,1
shoulder,1
"\"It's",1
anticipation,1
describing,1
PLEASE,1
"display,",1
convert,1
discovered,1
outdated,1
"enough,",1
"now?\"",1
regular,1
harshly,1
"\"Let",1
"heard,",1
connection,1
representations,1
hypertext,1
WILL,1
"$5,000)",1
COPYRIGHTED,1
"ago,",1
sticking,1
"\"the",1
"swishing,",1
"\"Help,",1
doing;,1
surprise.,1
sooner,1
broke;,1
walking,1
step,1
ideas.,1
"dead!\"",1
pained,1
renamed.,1
THOSE,1
"obsolete,",1
Gregory,1
"\"That",1
"came,",1
butter,1
himself?,1
sake;,1
household,1
"comfortable?\"",1
performance,1
"should,",1
is:,1
"West,",1
trapped,1
office.,1
glances,1
happen.,1
emphatically,1
"sleeve,",1
"two,",1
"read,",1
"perform,",1
sick?,1
"\"Gregor?",1
dishevelled,1
"stairway,",1
lifelessly.,1
comfortable,1
fully.,1
entertain,1
noticeably,1
unlike,1
shook,1
telling,1
gilded,1
footsteps,1
mentioned,1
"naturally,",1
heart;,1
saving,1
establish,1
briefly.,1
rubbing,1
writing;,1
"4,",1
1.F.4.,1
pangs,1
tip,1
patience,1
representative,1
freed,1
"acquired,",1
another.,1
"screaming,",1
changes,1
forehead.,1
profit,1
Mississippi,1
too;,1
studies,1
confidence.,1
"courage,",1
women's,1
unkempt,1
conversations,1
"aggrieved,",1
"tenants,",1
striking,1
martyr;,1
prove,1
"writing,",1
"stuff,",1
cheeks,1
"struck,",1
INCIDENTAL,1
2.,1
"Thus,",1
insurance,1
excessive,1
"\"Seven",1
boots,1
delighted,1
"\"Gregor!\"",1
father?,1
"\"you're",1
reproaches,1
whisper,1
perform,1
"contrary\",",1
sacrifice,1
hugged,1
Contributions,1
career,1
whatsoever,1
"If,",1
banister,1
important;,1
advise,1
alert;,1
"pockets,",1
obstinate,1
hearing,1
strongly,1
Come,1
(any,1
4,1
EIN,1
unsolicited,1
headboard,1
believed,1
cheer,1
stubborn;,1
panic.,1
ones,1
asleep,1
instrument,1
prevail,1
contrary,1
"Grete,",1
associated),1
BE,1
"KIND,",1
alone,1
Professor,1
"Anyway,",1
"private,",1
this;,1
groundless,1
value,1
lethargic,1
transformation,1
blue,1
"piercing,",1
muster,1
sink,1
behest,1
"friendly,",1
"\"it'll",1
love.,1
yank,1
"March,",1
contents,1
corner,1
"employers,",1
"must,",1
word.,1
continuously,1
"like,",1
nice.,1
leaning,1
smart,1
endearments,1
"to\",",1
permission.,1
calculate,1
damaged,1
volunteer,1
updated:,1
stupid.,1
cross,1
sword,1
friendly.,1
sew,1
regularly,1
tears.,1
about.,1
discover,1
echo,1
"frenzy,",1
nonsensical,1
"employees,",1
effects,1
"ridiculously,",1
unimpeded,1
assure,1
fists;,1
brother,1
sharply,1
"simultaneously,",1
(trademark/copyright),1
"owner,",1
generations,1
donate.,1
"small,",1
"weight,",1
"earlier,",1
noticeable.,1
flown,1
"\"Am",1
watering,1
consumed,1
Unlike,1
father;,1
bombard,1
squarely,1
imploring,1
"everyone,",1
exaggerated,1
"it\",",1
"Now!\",",1
gratefully,1
encoding:,1
saying:,1
"easily,",1
enveloped,1
silence;,1
am,1
"crucial,",1
considering,1
tearfully,1
"enough\"",1
pleasures,1
unchanged,1
decisive,1
structure,1
"gentlemen,",1
"soon,",1
"neck,",1
interrupted.,1
glancing,1
deranged,1
streets.,1
"\"Maybe",1
named,1
Compliance,1
pages,1
medical,1
rock,1
protruding,1
staircase.,1
"another,",1
protrusions,1
"establishment,",1
certainty.,1
unhappy,1
Revenue,1
locations.,1
solicitation,1
thinking,1
game,1
arranged,1
copious,1
discard.,1
spindly,1
hallway;,1
laugh,1
Full,1
Contact,1
confirmed,1
suppose,1
"somewhere?\"",1
"answering,",1
personally.,1
gushed,1
stairs,1
tip-toe.,1
similar.,1
enthusiasm,1
lacking,1
emptying,1
emerged;,1
necessary?,1
loudest,1
reappear,1
we.,1
"think,",1
now?,1
flow,1
confused.,1
quivering,1
"Before,",1
collar.,1
neighbour,1
drop,1
nap,1
Gregor?,1
dust.,1
shock,1
1.,1
committed,1
"dreams,",1
"man,",1
"Gregor!\"",1
piercing,1
curtains,1
"rag,",1
"possibilities,",1
moving.,1
tone,1
advantage.,1
"expected\",",1
Sunday,1
distributed:,1
weather.,1
salt.,1
saints,1
affection,1
entombed,1
confusion.,1
"steaming,",1
we'll,1
"pale,",1
"sentence,",1
struggled,1
calmer.,1
shook.,1
plenty,1
"flesh,",1
convulsive,1
"friends,",1
"smile,",1
rules,1
generations.,1
scattered,1
credit,1
Should,1
softened,1
already.,1
recommend,1
fluid,1
through.,1
anyway,1
re-arrange,1
cooking;,1
"talk,",1
it'd,1
member,1
"hotel,",1
withstand,1
"\"well",1
linked,1
SEND,1
anyone.,1
Were,1
way;,1
guessed,1
yesterday.,1
"beer,",1
"eaten,",1
"chest,",1
neglected,1
"Who,",1
bank,1
superfluous,1
"Father,",1
nonproprietary,1
"stored,",1
POSSIBILITY,1
opportunities,1
organized,1
trusted,1
calling,1
"\"He's",1
lasted,1
no-one.,1
hats,1
"reports,",1
"distributing,",1
transcribe,1
HAVE,1
walks,1
"connections,",1
better;,1
"wrong?\"",1
declared,1
withdraw.,1
added,1
"unnerving,",1
tenants.,1
comfortable.,1
one--the,1
"accessed,",1
REMEDIES,1
maintaining,1
beautifully.,1
barren,1
infant,1
"moved,",1
largely,1
An,1
toward.,1
mechanical,1
"cry,",1
processing,1
WARRANTY,1
SUCH,1
(b),1
synonymous,1
permanent,1
809,1
file.,1
been;,1
dome,1
whims.,1
jaw;,1
"strength,",1
Nor,1
liked.,1
deterioration,1
refusing,1
cheek;,1
"shown,",1
"...\"",1
alarmed,1
license,1
require,1
4.,1
funny,1
"Yes,",1
"awkwardly,",1
screams.,1
panic,1
"\"and",1
bowl,1
functions,1
balls,1
reproach,1
"dung-beetle!\",",1
clutter,1
replace,1
away--you,1
1.E.7.,1
alarm.,1
shortcoming?,1
"wait,",1
"turning,",1
scraped,1
enjoyed,1
whereas,1
"without,",1
memory,1
thumped,1
"surprise,",1
expression.,1
removed.,1
LIABLE,1
INCLUDING,1
locations,1
"part,",1
grey-black,1
"Help!\"",1
"anew,",1
"town,",1
responsible,1
punished,1
authority,1
plates,1
"596-1887,",1
staff.,1
rocked,1
wrong?,1
won,1
wanted.,1
"school,",1
delaying,1
importune,1
"ear,",1
"Mother\",",1
nearer,1
B.,1
However,1
move;,1
secure.,1
"girls,",1
shouts,1
threat,1
smell,1
resolved,1
conclusion:,1
joining,1
"with,",1
"dying!\"",1
bedrooms:,1
backs,1
accepted,1
coughed,1
wage,1
"round,",1
"lid,",1
"First,",1
changed,1
"look\",",1
complete,1
North,1
pitifully,1
shoved,1
swinging,1
"pain,",1
unfortunately,1
bearing.,1
"drink,",1
wealth,1
"end,",1
"age,",1
"immobile,",1
effect,1
supported,1
cashier,1
things',1
remarkable,1
share,1
arise,1
Drops,1
"bedpost,",1
concede,1
timetables.,1
astonished.,1
soughing,1
"women,",1
tops,1
"turned,",1
asthma,1
fourteen,1
words;,1
"that\".",1
vertical,1
disk,1
regulating,1
offers,1
"selfish,",1
saddened,1
"outstretched,",1
anxiety,1
soles,1
asleep.,1
sideways,1
READ,1
"(\"the",1
version,1
"(www.gutenberg.net),",1
law,1
"2001,",1
UT,1
50,1
demands,1
"upset,",1
flank,1
coma-like,1
desk.,1
transform,1
"face,",1
countless,1
"others,",1
"emotion,",1
"do?\"",1
chosen,1
address,1
Many,1
salesmen.,1
up;,1
homes,1
vain.,1
"add,",1
behaved,1
"trainee,",1
bitter,1
gentlemen.,1
likely,1
courtesy,1
cough,1
harmed,1
1.C.,1
additions,1
Chief,1
"\"But",1
"arms,",1
"than,",1
meantime,1
crash.,1
faint;,1
walked,1
fashion,1
offered,1
smoke,1
tugged,1
leader.,1
1.E.2.,1
"contract,",1
voice!,1
nobody's,1
fiery,1
"ill,",1
good.,1
glowering,1
apple;,1
drag,1
related,1
"anger,",1
toothless,1
"silent,",1
strike,1
Hart,1
